Rank,Release,Gross
1,Avengers: Endgame,858373000.00
2,The Lion King,543638043.00
3,Toy Story 4,434038008.00
4,Frozen II,430144682.00
5,Captain Marvel,426829839.00
6,Star Wars: Episode IX - The Rise of Skywalker,390706234.00
7,Spider-Man: Far from Home,390532085.00
8,Aladdin,355559216.00
9,Joker,333772511.00
10,It Chapter Two,211593228.00
11,Jumanji: The Next Level,192094536.00
12,Us,175084580.00
13,Fast & Furious Presents: Hobbs & Shaw,173956935.00
14,John Wick: Chapter 3 - Parabellum,171015687.00
15,How to Train Your Dragon: The Hidden World,160799505.00
16,The Secret Life of Pets 2,157949395.00
17,Pok�mon Detective Pikachu,144105346.00
18,Once Upon a Time... In Hollywood,141076968.00
19,Shazam!,140371656.00
20,Aquaman,136001983.00
21,Knives Out,115711579.00
22,Dumbo,114766307.00
23,Maleficent: Mistress of Evil,113294737.00
24,Glass,111048468.00
25,Godzilla: King of the Monsters,110500138.00
26,The Upside,108252517.00
27,Ford v Ferrari,107196444.00
28,The LEGO Movie 2: The Second Part,105806508.00
29,Hustlers,104960643.00
30,The Addams Family,97185807.00
31,Downton Abbey,96854135.00
32,Rocketman,96368160.00
33,Alita: Battle Angel,85710210.00
34,Good Boys,83140306.00
35,Spider-Man: Into the Spider-Verse,82094865.00
36,Men in Black: International,80001807.00
37,Annabelle Comes Home,74152591.00
38,Yesterday,73286650.00
39,Tyler Perry's a Madea Family Funeral,73257045.00
40,Zombieland: Double Tap,72930156.00
41,Angel Has Fallen,69030436.00
42,Scary Stories to Tell in the Dark,68947075.00
43,Mary Poppins Returns,66027977.00
44,X-Men: Dark Phoenix,65845974.00
45,Terminator: Dark Fate,62253077.00
46,Abominable,60679265.00
47,Dora and the Lost City of Gold,60477943.00
48,Escape Room,57005601.00
49,A Beautiful Day in the Neighborhood,56706993.00
50,Midway,56279164.00
51,Bumblebee,55769470.00
52,The Curse of La Llorona,54733739.00
53,Pet Sematary,54724696.00
54,What Men Want,54611903.00
55,Green Book,52927165.00
56,Ad Astra,50188370.00
57,Isn't It Romantic,48791187.00
58,Gemini Man,48546770.00
59,Ma,45896028.00
60,Five Feet Apart,45729221.00
61,Wonder Park,45216793.00
62,Rambo: Last Blood,44819352.00
63,Playing with Fire,44151387.00
64,Harriet,42547700.00
65,A Dog's Way Home,42004346.00
66,The Angry Birds Movie 2,41667116.00
67,Little,40860481.00
68,Queen & Slim,40718945.00
69,Breakthrough,40713082.00
70,The Mule,39084073.00
71,Crawl,39014193.00
72,Little Women,37593127.00
73,The Intruder,35419122.00
74,The Hustle,35417038.00
75,Last Christmas,35116450.00
76,Overcomer,34746945.00
77,Cold Pursuit,32138862.00
78,Doctor Sleep,31543097.00
79,Dragon Ball Super: Broly,30712119.00
80,Long Shot,30316271.00
81,Spies in Disguise,29323688.00
82,Child's Play,29208403.00
83,Ready or Not,28714231.00
84,Happy Death Day 2U,28148130.00
85,Vice,28060115.00
86,21 Bridges,27747269.00
87,Midsommar,27426361.00
88,Bohemian Rhapsody,26614909.00
89,The Art of Racing in the Rain,26395642.00
90,Countdown,25594369.00
91,Uncut Gems,25253119.00
92,Judy,24017545.00
93,Ralph Breaks the Internet,23474857.00
94,Fighting with My Family,22958886.00
95,On the Basis of Sex,22946065.00
96,A Dog's Journey,22782371.00
97,Booksmart,22680962.00
98,Parasite,22633689.00
99,Stuber,22370452.00
100,47 Meters Down: Uncaged,22260900.00
101,Black and Blue,22047506.00
102,Hellboy,21903748.00
103,Shaft,21360215.00
104,Jojo Rabbit,21059726.00
105,The Peanut Butter Falcon,20457151.00
106,UglyDolls,20150241.00
107,Cats,19970095.00
108,Unplanned,19006109.00
109,The Favourite,18478318.00
110,Bombshell,18117885.00
111,Richard Jewell,17822217.00
112,Charlie's Angels,17756400.00
113,The Farewell,17695781.00
114,Brightburn,17300439.00
115,The Good Liar,16973279.00
116,The Kid Who Would Be King,16790790.00
117,Missing Link,16649539.00
118,Second Act,15737285.00
119,Late Night,15499454.00
120,Miss Bala,15006824.00
121,The Prodigy,14856291.00
122,A Star Is Born,14130981.00
123,Poms,13631124.00
124,If Beale Street Could Talk,12786569.00
125,They Shall Not Grow Old,12253074.00
126,The Kitchen,12180032.00
127,After,12138565.00
128,Blinded by the Light,11901145.00
129,The Lighthouse,10772524.00
130,Dark Waters,10633879.00
131,Greta,10532219.00
132,The Best of Enemies,10205616.00
133,Black Christmas,9867670.00
134,Hotel Mumbai,9651611.00
135,Holmes & Watson,9324376.00
136,Motherless Brooklyn,9277736.00
137,No Manches Frida 2,9270920.00
138,"Where'd You Go, Bernadette",9198356.00
139,Apollo 11,9039891.00
140,Serenity,8547045.00
141,Anna,7743794.00
142,Penguins,7699452.00
143,Brittany Runs a Marathon,7189808.00
144,Mary Queen of Scots,6742269.00
145,The Dead Don't Die,6563605.00
146,Jexi,6546159.00
147,Run the Race,6424420.00
148,Free Solo,6300518.00
149,The Current War: Director's Cut,5979540.00
150,Captive State,5958315.00
151,The Wandering Earth,5875487.00
152,Arctic Dogs,5801249.00
153,Gloria Bell,5611123.00
154,Gully Boy,5566534.00
155,Stan & Ollie,5386243.00
156,The Goldfinch,5332621.00
157,Don't Let Go,5215062.00
158,The Mustang,5043620.00
159,The Sun Is also a Star,4950029.00
160,Bring the Soul: The Movie,4809800.00
161,Pavarotti,4600249.00
162,Tolkien,4535154.00
163,The Last Black Man in San Francisco,4515719.00
164,War,4486000.00
165,Cold War,4427217.00
,2018 Re-release,
166,Menteur,4403322.00
167,Brian Banks,4376819.00
168,The Biggest Little Farm,4366949.00
169,Dr. Seuss' the Grinch,4340540.00
170,Amazing Grace,4335184.00
171,Linda Ronstadt: The Sound of My Voice,4240509.00
172,Uri: The Surgical Strike,4186168.00
173,Replicas,4046429.00
174,Pain and Glory,3873727.00
175,Ne Zha,3695533.00
176,Mission Mangal,3659413.00
177,The Oscar Nominated Short Films 2019: Documentary,3531094.00
178,BTS World Tour: Love Yourself in Seoul,3509917.00
179,The Beach Bum,3502600.00
180,Echo in the Canyon,3355324.00
181,Creed II,3267369.00
182,Jay and Silent Bob Reboot,3258814.00
183,Maiden,3164840.00
184,Simmba,2991179.00
185,Bharat,2971549.00
186,Honey Boy,2939993.00
187,Friends 25th: The One With The Anniversary,2884827.00
188,Saaho,2872057.00
189,Fantastic Beasts: The Crimes of Grindelwald,2774042.00
190,Kalank,2729336.00
191,Tod@s Caen,2670925.00
192,Everybody Knows,2660165.00
193,Instant Family,2518231.00
194,The Art of Self-Defense,2410914.00
195,Arctic,2410795.00
,2019 Re-release,
196,Welcome to Marwen,2405625.00
197,"My People, My Country",2356683.00
198,Promare,2287950.00
199,Super 30,2269878.00
200,Faustina: Love and Mercy,2243180.00
201,Gone with the Wind,2176120.00
,2019 Re-release,
202,3 from Hell,2172949.00
203,Total Dhamaal,2167632.00
204,Housefull 4,2109160.00
205,Shoplifters,2092669.00
206,The Wizard of Oz,2076020.00
,2019 Re-release,
207,Luce,2010613.00
208,Chhichhore,2004400.00
209,Official Secrets,1988618.00
210,Better Days,1921657.00
211,Badla,1861000.00
212,The White Crow,1828784.00
213,Ben Is Back,1827480.00
214,Pandas,1816106.00
215,The Other Side of Heaven 2: Fire of Faith,1807216.00
216,Ip Man 4: The Finale,1775960.00
217,Wild Rose,1635117.00
218,The Aftermath,1618497.00
219,Made for More,1589250.00
220,Red Joan,1579730.00
221,After the Wedding,1574258.00
222,Extreme Job,1565885.00
223,Waves,1562941.00
224,Qu� Le�n,1556856.00
225,Capernaum,1545118.00
226,The Kid,1508593.00
227,Kinky Boots the Musical,1414290.00
228,Destroyer,1411224.00
229,The Wife,1402934.00
230,El Chicano,1400603.00
231,Fantastic Fungi,1358874.00
232,1917,1326178.00
233,Spirited Away,1322927.00
,2019 Re-release,
234,Never Look Away,1299506.00
235,Pilgrim's Progress,1294596.00
236,Can You Ever Forgive Me?,1273561.00
237,Asterix: The Secret of the Magic Potion,1271953.00
238,Metallica & San Francisco Symphony - S&M2,1252385.00
239,BTS World Tour 'Love Yourself: Speak Yourself' (The Final) Seoul Live Viewing,1226552.00
240,High Life,1225852.00
241,All Is True,1200481.00
242,Kingdom Men Rising,1188936.00
243,Los Domirrique�os 2,1187280.00
244,Ek Ladki Ko Dekha Toh Aisa Laga,1182636.00
245,No Safe Spaces,1159359.00
246,Nothing to Lose 2,1150551.00
247,Western Stars,1141681.00
248,Konosuba!: God's Blessing on This Wonderful World! - Legend of Crimson,1134786.00
249,My Neighbor Totoro,1105564.00
,2019 Re-release,
250,Playmobil: The Movie,1104483.00
251,Mortal Engines,1056865.00
252,Bennett's War,1056416.00
253,Princess Mononoke,1046446.00
,2019 Re-release,
254,Luka Chuppi,1042905.00
255,The Souvenir,1036737.00
256,Noah,1035603.00
257,El Coyote,1026707.00
258,Perfect Strangers,1014507.00
259,Marianne & Leonard: Words of Love,1012034.00
260,Kiki's Delivery Service,1004057.00
,2019 Re-release,
261,BlacKkKlansman,1003380.00
262,Jesus Is King,973000.00
263,Rush: Cinema Strangiato 2019,960073.00
264,The Fighting Preacher,954744.00
265,Toni Morrison: The Pieces I Am,903018.00
266,A Hidden Life,877550.00
267,Between Me and My Mind,875191.00
268,Howl's Moving Castle,865647.00
,2019 Re-release,
269,Pati Patni Aur Woh,864859.00
270,Steel Magnolias,855421.00
,2019 Re-release,
271,Woman at War,847495.00
272,Alien,833658.00
,2019 Re-release,
273,Climax,817339.00
274,Transit,815290.00
275,One Piece: Stampede,789506.00
276,Chonda Pierce: Unashamed,787979.00
277,Student of the Year 2,778566.00
278,The Church,772000.00
279,Patterns of Evidence: Moses Controversy,765361.00
280,I Love Lucy: A Colorized Celebration,754323.00
281,Joni 75: A Birthday Celebration,752205.00
282,The Game Changers,739711.00
283,David Crosby: Remember My Name,732686.00
284,More Than Blue,722669.00
285,Honeyland,711628.00
286,Where's My Roy Cohn?,705374.00
287,Non-Fiction,704919.00
288,The Captain,687295.00
289,Raise Hell: The Life & Times of Molly Ivins,684824.00
290,Spirits in the Forest,678949.00
291,The Sky Is Pink,652592.00
292,Racetime,646415.00
293,Dirty Dancing,622968.00
,2019 Re-release,
294,American Masters: Miles Davis: Birth of the Cool,612246.00
295,Roger Waters - Us + Them,611644.00
296,The Muppet Movie,610475.00
,2019 Re-release,
297,The White Storm 2: Drug Lords,609461.00
298,The Least of These: The Graham Staines Story,607015.00
299,The Chaperone,600654.00
300,Furie,594788.00
301,To Kill a Mockingbird,592237.00
,2019 Re-release,
302,Bethany Hamilton: Unstoppable,590671.00
303,The Public,573503.00
304,My Fair Lady,560711.00
,2019 Re-release,
305,Fiddler: A Miracle of Miracles,549386.00
306,Everybody's Everything,547207.00
307,"DCI 2019: Big, Loud & Live 16",546060.00
308,La femme de mon fr�re,539524.00
309,Grateful Dead Meet-Up 2019,537153.00
310,Code Geass: Lelouch of the Re;Surrection,522805.00
,2019 Re-release,
311,Shadow,521396.00
312,Long Day's Journey Into Night,521365.00
313,The Spy Behind Home Plate,519525.00
314,Wild Nights with Emily,519487.00
315,Saving Private Ryan,508694.00
,2019 Re-release,
316,Birds of Passage,507259.00
317,Tel Aviv on Fire,504265.00
318,Widows,498459.00
319,Whisper of the Heart,498156.00
,2019 Re-release,
320,Nausica� of the Valley of the Wind,495770.00
,2019 Re-release,
321,Crazy Rich Asians,493850.00
322,Batla House,493180.00
323,The Climbers,487157.00
324,The Russian Five,485049.00
325,The Great Alaskan Race,484068.00
326,Lawrence of Arabia,482281.00
,2019 Re-release,
327,CatVideoFest,470923.00
328,Panipat,461863.00
329,Christmas Jars,459462.00
330,Gorillaz: Reject False Icons,453687.00
331,Exit,445225.00
332,Cruel Intentions,445218.00
,2019 Re-release,
333,Teen Spirit,441366.00
334,At Eternity's Gate,441270.00
335,Merci pour tout,437044.00
336,Les Mis�rables: The Staged Concert,436047.00
337,De De Pyaar De,425934.00
338,Hail Satan?,424284.00
339,Ben-Hur,422622.00
,2019 Re-release,
340,Killing Sarai,422331.00
341,Fate/stay night [Heaven's Feel] II. lost butterfly,420595.00
342,Ash Is Purest White,420589.00
343,The Cold Blue,420177.00
344,The Reliant,408747.00
345,The Invisibles,407373.00
346,Monos,406473.00
347,Meet Me in St. Louis,403521.00
,75th Anniversary,
348,"Hello, Dolly!",400881.00
349,The Nightingale,400209.00
350,Mia and the White Lion,399471.00
351,The Man Who Killed Don Quixote,391963.00
352,The Wedding Guest,386166.00
353,The Secret World of Arrietty,384289.00
,2019 Re-release,
354,What We Left Behind: Star Trek DS9,382457.00
355,The Cure: Anniversary 1978-2018 Live in Hyde Park,378405.00
356,The Hummingbird Project,371784.00
357,Ghostbusters,369612.00
,2019 Re-release,
358,Matthias & Maxime,369363.00
359,The Shawshank Redemption,358507.00
,2019 Re-release,
360,The Tomorrow Man,354103.00
361,Star Trek: The Motion Picture,346243.00
,2019 Re-release,
362,Photograph,344534.00
363,Diane,336166.00
364,Millennium Actress,335609.00
,2019 Re-release,
365,A Silent Voice: The Movie,333984.00
,2019 Re-release,
366,The Big Fight Live: IBF Welterweight Title: Errol Spence Jr. vs. Mikey Garcia,328979.00
367,P Storm,326711.00
368,National Theatre Live: Fleabag,326283.00
369,Sword of Trust,322421.00
370,Lucy in the Sky,319976.00
371,You Are Here: A Come From Away Story,318885.00
372,Josh Groban Bridges Live from Madison Square Garden,315173.00
373,Bolshoi Ballet: The Sleeping Beauty,311368.00
374,DanTDM Presents The Contest,307484.00
375,K-12,303230.00
376,Aquarela,302864.00
377,Ask Dr. Ruth,297195.00
378,Line Walker 2: Invisible Spy,296751.00
379,Junglee,295784.00
380,The Giant Spider Invasion,293053.00
381,Stockholm,292590.00
382,The Godfather: Part II,291754.00
,45th Anniversary,
383,Killerman,291477.00
384,The Bravest,290217.00
385,Saga of Tanya the Evil - The Movie,288460.00
386,Khalid: Free Spirit,284229.00
387,Mike Wallace Is Here,281245.00
388,The Whistleblower,280851.00
389,Octaman,280710.00
390,The Nutcracker and the Four Realms,277082.00
391,I Want to Eat Your Pancreas,277019.00
392,Freaks,276591.00
393,True Grit,276418.00
,2019 Re-release,
394,The Tale of The Princess Kaguya,271681.00
,2019 Re-release,
395,Shakira in Concert: El Dorado World Tour,271586.00
396,Is It Wrong to Try to Pick Up Girls in a Dungeon - Arrow of the Orion,271489.00
397,One Child Nation,270128.00
398,Just Mercy,267881.00
399,Slayer: The Repentless Killogy,266895.00
400,Luzia: Cirque du Soleil in Cinema,265673.00
401,Out of Liberty,265279.00
402,Modest Heroes,264579.00
403,Smallfoot,263482.00
404,Star Raiders: The Adventures of Saber Raine,260234.00
405,Mobile Suit Gundam Narrative,259224.00
406,Her Smell,255599.00
407,Lords of Chaos,253184.00
408,Bolshoi Ballet: The Nutcracker,252935.00
409,When Harry Met Sally...,252320.00
,30th Anniversary,
410,I Got the Hook Up 2,252293.00
411,Canal Street,251917.00
412,Meeting Gorbachev,251837.00
413,The Twilight Zone: A 60th Anniversary Celebration,248514.00
414,Doctor Who: The End of Time: Part One,247798.00
415,Friendsgiving Day #1,246168.00
416,63 Up,240715.00
417,311 Enlarged to Show Detail 3,238791.00
418,Give Me Liberty,238130.00
419,American Woman,236637.00
420,Romeo Akbar Walter,236299.00
421,Premier Boxing Champions: PBC on FOX: Spence vs. Porter,232973.00
422,DAZN Boxing: Canelo Alvarez vs. Daniel Jacobs,230703.00
423,Under the Sea 3D,229299.00
424,Mine 9,226421.00
425,Premier Boxing Champions: PBC on FOX PPV: Pacquiao vs. Thurman,223858.00
426,Never Surrender: A Galaxy Quest Documentary,222971.00
427,First Love,218329.00
428,"The Gangster, the Cop, the Devil",216494.00
429,The Karate Kid,215447.00
,2019 Re-release,
430,The Possession of Hannah Grace,215212.00
431,Hamlet,214578.00
,2019 Re-release,
432,"Faith, Hope & Love",210091.00
433,Master Z: The Ip Man Legacy,209454.00
434,Kathy Griffin: A Hell of a Story,208907.00
435,Play the Flute,207663.00
436,Bolshoi Ballet: Carmen Suite/Petrushka,207523.00
437,The Iron Orchard,204881.00
438,Hesburgh,204709.00
439,Venom,203111.00
440,Forrest Gump,203088.00
,2019 Re-release,
441,Dabangg 3,202000.00
442,Blink of an Eye,201874.00
443,Friendsgiving Day #2,198869.00
444,Chasing the Dragon II: Wild Wild Bunch,196634.00
445,Family,194601.00
446,A Beautiful Planet,190603.00
447,Heading Home: The Tale of Team Israel,190583.00
448,Bolshoi Ballet: Le Corsaire,190192.00
449,The Divine Plan,190031.00
450,Pagalpanti,189666.00
451,Mr. Klein,188287.00
,Re-release,
452,42nd Street - The Musical,187440.00
453,The River and the Wall,185504.00
454,To Dust,184495.00
455,Giant Little Ones,181507.00
456,Raymonda: Bolshoi Ballet,181361.00
457,Bolshoi Ballet: Raymonda,181361.00
,domestic,
458,Robin Hood,179615.00
459,The Warrior Queen of Jhansi,177289.00
460,India's Most Wanted,176858.00
461,"Iyengar: The Man, Yoga, and the Student's Journey",176387.00
462,Tigers Are Not Afraid,175559.00
,2019 Re-release,
463,Marjaavaan,174164.00
464,Ashfall,172987.00
465,Bolshoi Ballet: The Golden Age,171916.00
466,Nureyev: Lifting the Curtain,170038.00
467,Frankie,169866.00
468,Indian Horse,168876.00
469,Asbury Park: Riot Redemption Rock 'n Roll,167684.00
470,The Bad Guys: The Movie,166972.00
471,Bright Ones,165627.00
472,Sunset,164906.00
473,INXS: Baby Live at Wembly Stadium,161750.00
474,Monty Python's Life of Brian,161507.00
,2019 Re-release,
475,"Diana Ross: Her Life, Love and Legacy",160968.00
476,Batman,159419.00
,2019 Re-release,
477,Them That Follow,159218.00
478,Synonyms,158181.00
479,The World Before Your Feet,156821.00
480,Money,155732.00
481,The Death & Life of John F. Donovan,152713.00
482,Halston,151991.00
483,Peterloo,151971.00
484,Before You Know It,151507.00
485,Jay Myself,151331.00
486,Glory,150801.00
,2019 Re-release,
487,The Samuel Project,150478.00
488,Little Woods,150010.00
489,Trial by Fire,148504.00
490,War and Peace,148503.00
491,Dogman,148225.00
492,Framing John DeLorean,145625.00
493,Hampstead,144396.00
494,Doctor Who: Logopolis,143248.00
495,Hubble 3D,142163.00
496,Canelo vs. Kovalev,140820.00
497,The Last Resort,140330.00
498,Wilder vs. Ortiz,139207.00
499,Who Will Write Our History,138039.00
500,Rafiki,137968.00
501,Lynryd Skynyrd: Last of the Street Survivors Farewell Tour,137888.00
502,The Other Story,135191.00
503,Okko's Inn,134787.00
504,Palau the Movie,134696.00
505,Burning,134130.00
506,Made in Abyss: Journey's Dawn,134047.00
507,Peppa Celebrates Chinese New Year,131225.00
508,Mister America,130897.00
509,The Zoya Factor,128831.00
510,Woodstock,126562.00
511,Paris Is Burning,125677.00
,2019 Re-release,
512,Lost & Found,125173.00
513,Mary Magdalene,124741.00
,2019 Re-release,
514,Easy Rider,123276.00
,2019 Re-release,
515,Born to Be Wild,121961.00
516,A Tuba to Cuba,121772.00
517,Avant qu'on explose,119894.00
518,Portrait of a Lady on Fire,118603.00
519,The Fall of the American Empire,118515.00
520,"Ruben Brandt, Collector",117963.00
,2018 Re-release,
521,The Reports on Sarah and Saleem,117479.00
522,Mob Psycho 100,115766.00
523,Police Story,113164.00
524,Be Natural: The Untold Story of Alice Guy-Blach�,111998.00
525,The Kingmaker,109948.00
526,Babylon,109749.00
527,Branagh Theatre Live: The Winter's Tale,108403.00
528,The Audience,106529.00
,2019 Re-release,
529,The Brink,106057.00
530,"Belle and Sebastian, Friends for Life",105890.00
,2018 Re-release,
531,Cold Case Hammarskj�ld,104965.00
532,Downtown 81,104646.00
,2019 Re-release,
533,Miss & Mrs. Cops,104578.00
534,Penguin Highway,104567.00
535,Anthropocene: The Human Epoch,104488.00
536,The Divine Fury,102982.00
537,Walking on Water,102140.00
538,Mojin: The Worm Valley,101516.00
539,Wonders of the Sea,100780.00
540,Mirai,100766.00
541,Tazza: One-Eyed Jack,97655.00
542,The Song of Names,94221.00
543,The Image Book,94153.00
544,Margaret Atwood: Live in Cinemas,93690.00
545,Rojo,92396.00
546,Always Miss You,91884.00
547,Mapplethorpe,91002.00
548,The Crossing,90896.00
549,Loopers: The Caddie's Long Walk,90679.00
550,My Dear Liar,90545.00
551,A Bigger Splash,90414.00
,2019 Re-release,
552,Sound! Euphonium the Movie - Our Promise: A Brand New Day,90341.00
553,Varda by Agn�s,89993.00
554,Take Point,89650.00
555,Ramen Shop,88455.00
556,The Lumber Baron,88336.00
557,Jim Allison: Breakthrough,87984.00
558,ECCO,86858.00
559,Sonchiriya,86765.00
560,The Chambermaid,86422.00
561,National Theater Live: Cyrano de Bergerac,86300.00
562,Mayday Life,85912.00
563,Skid Row Marathon,84997.00
564,The Third Wife,84933.00
565,Papi Chulo,84703.00
566,Woodstock,84440.00
567,Once Upon a Deadpool,84300.00
,2018 Re-release,
568,Looking Up,84267.00
569,High Strung Free Dance,83891.00
,2019 Re-release,
570,Ms. Purple,80657.00
571,The Old Man & the Gun,80104.00
572,Swing Kids,79527.00
573,Saint Judy,78935.00
574,The Heiresses,78473.00
575,A Faithful Man,78183.00
576,Ploey,77815.00
577,Fast Color,76916.00
578,Christ Stopped at Eboli,76906.00
579,Triple Threat,76289.00
580,"Hale County This Morning, This Evening",74958.00
581,Savage,74491.00
582,5B,72968.00
583,Working Woman,72568.00
584,Cliffs of Freedom,72476.00
585,3 Faces,72324.00
586,Storm Boy,71760.00
587,Free Trip to Egypt,71087.00
,2019 Re-release,
588,The Battle of Jangsari,70853.00
589,Styx,70794.00
,2018 Re-release,
590,Batman Returns,70642.00
,2019 Re-release,
591,Edie,70138.00
592,Diamantino,70088.00
593,The Body,68196.00
594,The Silence of Others,67986.00
595,The Divine Move 2: The Wrathful,67578.00
596,Being Frank,67343.00
597,Cunningham,65446.00
598,This Changes Everything,64988.00
599,End of the Century,64880.00
600,Beautiful Boy,62360.00
601,Sauvage / Wild,61604.00
602,The Mountain,61385.00
603,Last Year at Marienbad,60884.00
,2019 Re-release,
604,By the Grace of God,60748.00
605,John Fogerty: 50 Year Trip - Live at Red Rocks,59795.00
606,Mickey and the Bear,57188.00
607,Heavy Water,55446.00
608,Maria By Callas,53405.00
609,The Hate U Give,53108.00
610,Pl�cido Domingo Gala,52502.00
611,One Cut of the Dead,52406.00
612,QT8: The First Eight,51896.00
613,Greener Grass,51456.00
614,"Cyrano, My Love",51419.00
615,Making Waves: The Art of Cinematic Sound,51254.00
616,Ophelia,50722.00
617,Clinton Road,50400.00
618,"Love, Antosha",50168.00
619,Free Trip to Egypt,49693.00
620,The Bounty Killer,48815.00
621,The Final Wish,48095.00
622,The Queen,47818.00
623,Becoming Astrid,47684.00
624,Under the Silver Lake,46083.00
625,Sympathy for the Devil,45927.00
626,�He matado a mi marido!,45777.00
627,High on the Hog,45696.00
628,The Proposal,45149.00
629,What Is Democracy?,44536.00
630,Maze,44381.00
,2019 Re-release,
631,American Dharma,44376.00
632,Carmine Street Guitars,44253.00
633,The Star,43510.00
,2019 Re-release,
634,Fagara,43417.00
635,Immortal Hero,43007.00
636,Vita & Virginia,42741.00
637,For Sama,41633.00
638,Midnight Traveler,41265.00
639,Clemency,40736.00
640,Charlie Says,40685.00
641,Slut in a Good Way,40513.00
642,Aniara,40124.00
643,Zilla and Zoe,39003.00
644,Shed of the Dead,38901.00
645,The Raft,38723.00
646,The Cave,38153.00
647,Batman Forever,38014.00
,2019 Re-release,
648,Union,37362.00
649,The Quiet One,37010.00
650,The Death of Dick Long,36856.00
651,The Sower,36233.00
652,Bu�uel in the Labyrinth of the Turtles,36205.00
653,Yardie,36012.00
654,Britt-Marie Was Here,35680.00
655,Loro,35613.00
656,White Snake,34730.00
657,Love Live! Sunshine!! The School Idol Movie: Over The Rainbow,34135.00
658,The Wild Pear Tree,34014.00
659,Killer Unicorn,33901.00
660,Moonlight Sonata: Deafness in Three Movements,33841.00
661,An Elephant Sitting Still,32556.00
662,Knife + Heart,32516.00
663,An Acceptable Loss,32427.00
664,10E,32413.00
665,�ga,31982.00
666,Desolation Center,31965.00
667,Gift,31618.00
668,Buddy,31203.00
669,Horn from the Heart: The Paul Butterfield Story,30815.00
670,Pasolini,30757.00
,2019 Re-release,
671,Space Station 3D,30655.00
672,Sorry Angel,30628.00
673,Los Reyes,30418.00
674,The Nun,30245.00
675,Deep Sea,30181.00
676,Lionel Richie at Glastonbury,30123.00
677,The Ground Beneath My Feet,29585.00
678,Vault,29491.00
679,Recorder: The Marion Stokes Project,28681.00
680,Batman & Robin,28597.00
,2019 Re-release,
681,In the Aisles,28394.00
682,Hotel by the River,28354.00
683,The Wind,28252.00
684,The Load,28118.00
685,El Norte,27920.00
,2019 Re-release,
686,Kind Hearts and Coronets,27523.00
,2019 Re-release,
687,"Leaving Home, Coming Home: A Portrait of Robert Frank",27073.00
688,The Day Shall Come,26972.00
689,Memory: The Origins of Alien,26643.00
690,Wrestle,26597.00
691,Donnybrook,26284.00
692,Neither Wolf Nor Dog,25413.00
693,Asako I & II,25328.00
694,Return of the Hero,25004.00
695,Invisible Life,24219.00
696,Chasing Einstein,24057.00
697,Vox Lux,24054.00
698,Piranhas,23494.00
699,Wildlife,22999.00
700,Celebration,22557.00
701,Night School,22550.00
702,Hyenas,22444.00
703,Light from Light,22331.00
704,Island of Lemurs: Madagascar,22310.00
705,Jane and Emma,22261.00
706,Wicked Witches,21600.00
707,The Hole in the Ground,21072.00
708,Redoubt,20878.00
709,The Gospel of Eureka,20578.00
710,The All Americans,20322.00
711,Light of My Life,20056.00
712,General Magic,20046.00
713,The Sound of Silence,20013.00
714,Prassthanam,19984.00
715,The Perfect Race,19809.00
716,Armstrong,19740.00
717,Girls of the Sun,19712.00
718,Out of Blue,18779.00
719,Black Mother,18762.00
720,Before Stonewall,18724.00
721,The Return of Martin Guerre,18603.00
,2019 Re-release,
722,Midnight Diner,18555.00
723,"Phoenix, Oregon",18356.00
,Pre-Release Tour,
724,The Cranes Are Flying,17923.00
725,The House That Jack Built,17763.00
726,Citizen K,17704.00
727,Ode to Joy,17303.00
728,Scandalous: The True Story of the National Enquirer,17085.00
729,Joseph Pulitzer: Voice of the People,16970.00
730,Ballon,16792.00
731,Too Late to Die Young,16591.00
732,Tremors,16516.00
733,Chained for Life,16456.00
734,Three Peaks,16216.00
735,Virginia Minnesota,16118.00
736,Piercing,15856.00
737,Starfish,15849.00
738,Little Joe,15801.00
739,To the Arctic 3D,15800.00
740,A Private War,15792.00
741,Airpocalypse,15719.00
742,Trinity Seven The Movie 2: Heavens Library & Crimson Lord,15712.00
743,Midnight Family,15537.00
744,Galapagos,15222.00
745,Funan,15152.00
746,El Angel,15127.00
747,Wrinkles the Clown,14938.00
748,ZZ Top: That Little Ol' Band from Texas,14879.00
749,Frank and Ava,14820.00
750,Our Time,14777.00
751,The Competition,14588.00
,2019 Re-release,
752,Boy Erased,14490.00
753,Combat Obscura,14242.00
754,Screwball,13967.00
755,Touch Me Not,13782.00
756,My Son,13782.00
,2019 Re-release,
757,This One's for the Ladies,13688.00
758,First Man,13510.00
759,The Cat Rescuers,13384.00
760,The House with a Clock in Its Walls,13295.00
761,Rapid Response,13294.00
762,Hagazussa,13253.00
763,The Woman Who Loves Giraffes,12616.00
764,Off Season,12544.00
765,The White Sheik,12384.00
,2019 re-release,
766,Journey to the South Pacific,12209.00
767,Bricked,12201.00
768,Zen for Nothing,12107.00
769,Imprisoned,12050.00
770,Quartet,12042.00
771,"Cassandro, The Exotico!",11897.00
772,Liyana,11895.00
773,The Charmer,11695.00
774,The Disappearance of My Mother,11636.00
775,Stuffed,11561.00
776,Vision Portraits,11440.00
777,That Part Feeling - the Universe of Arvo Part,11385.00
778,Between the Lines,11366.00
779,Yomeddine,11308.00
780,In Like Flynn,11255.00
781,Made Me Do It,11151.00
782,Ferrante Fever,11137.00
783,I Do Not Care If We Go Down in History as Barbarians,11014.00
784,Suburban Birds,10997.00
785,16 Bars,10985.00
786,If the Dancer Dances,10912.00
787,Duet for Cannibals,10902.00
,2019 re-release,
788,Shooting the Mafia,10793.00
789,Angels Are Made Of Light,10697.00
790,Daughter of Mine,10628.00
791,The Eyes of Orson Welles,10253.00
792,Round of Your Life,10228.00
793,Around India with a Movie Camera,10101.00
794,Olivia,9934.00
795,Streetwise,9904.00
796,Tyrel,9832.00
797,Fritz Lang's Indian Epic,9818.00
,2019 re-release,
798,The Spanish Prisoner,9589.00
,2019 Re-release,
799,Studio 54,9355.00
800,When Lambs Become Lions,9337.00
801,Cracked Up,9197.00
802,Frantz Fanon: Black Skin White Mask,9025.00
803,Colossal Youth,8331.00
804,The Dead Center,8320.00
805,The Etruscan Smile,8213.00
,2019 release,
806,Grass,8084.00
807,Wings of Desire,7947.00
,2018 Re-release,
808,This Magnificent Cake!,7888.00
809,Ghost Fleet,7850.00
810,The Plagiarists,7768.00
811,Gregory's Girl,7710.00
812,I'll Take Your Dead,7692.00
813,King of Thieves,7518.00
814,Life and Nothing More,7488.00
815,Border,7477.00
816,Beloved Beast,7052.00
817,Rosie,6839.00
818,Genesis,6784.00
819,Going Attractions: The Definitive Story of the Movie Palace,6763.00
820,Dying to Survive,6752.00
,2019 Re-release,
821,Hollywould,6598.00
822,"One Nation, One King",6576.00
823,"Monrovia, Indiana",6457.00
824,Of Fathers and Sons,6308.00
825,Under the Eiffel Tower,6291.00
826,Patrick the Pug,6290.00
827,To Be of Service,6173.00
828,The Golden Glove,6160.00
829,Relaxer,6133.00
830,The Hottest August,6129.00
831,Kedarnath,5751.00
832,The Meanest Man in Texas,5750.00
833,Love Goes Public,5700.00
834,S�rie noire,5633.00
835,The Miracle of the Little Prince,5553.00
836,Halloween,5505.00
837,Spiral Farm,5475.00
838,Anna and the Apocalypse,5329.00
839,Chokehold,5200.00
840,Body at Brighton Rock,5123.00
841,Intuitions,5111.00
842,Cold Blood,5083.00
843,Chulas Fronteras,5021.00
844,The Garden,5006.00
845,Malek,4898.00
846,Un traductor,4879.00
847,Crepitus,4846.00
848,Ballet Blanc,4832.00
849,Kaili Blues,4687.00
850,What You Gonna Do When the World's on Fire?,4672.00
851,Slaughterhouse Rulez,4665.00
852,Sicilian Ghost Story,4639.00
853,At War,4605.00
854,I'm Leaving Now,4488.00
855,SGT. Will Gardner,4405.00
856,Tito and the Birds,4332.00
857,The Fate of Lee Khan,4295.00
858,State Like Sleep,4282.00
859,The Gliksmans,4080.00
860,La Flor,4032.00
861,Mother of a Day,3919.00
862,Crown Vic,3868.00
863,Wallflower,3801.00
864,The Wandering Soap Opera,3624.00
865,Rottentail,3383.00
866,Another Day of Life,3190.00
867,Bauhaus Spirit: 100 Years of Bauhaus,3148.00
868,A Cool Fish,3134.00
869,Chasing Portraits,3076.00
870,Filmworker,3016.00
871,100 Acres of Hell,2916.00
872,The Kindness of Strangers,2705.00
873,Back to the Fatherland,2697.00
874,L'h�ritage de la chouette,2602.00
875,"No Date, No Signature",2567.00
876,Joan the Maid 1: The Battles,2562.00
877,Chef Flynn,2507.00
878,TINY: The Life of Erin Blackwell,2465.00
879,I Lost Albert,2354.00
,2019 Re-release,
880,Tea With the Dames,2190.00
881,Iceman,2138.00
882,Detour,2128.00
883,Jihadists,2104.00
884,Divide and Conquer,1977.00
885,A German Youth,1834.00
886,A Fish in the Bathtub,1826.00
,2019 re-release,
887,Division 19,1699.00
888,Little Q,1652.00
889,Game Day,1624.00
890,For Those Who Don't Read Me,1585.00
891,American Playhouse: The Killing Floor,1583.00
892,Indivisible,1581.00
893,Serendipity,1575.00
894,Owaranai hito: Miyazaki Hayao,1449.00
895,The Hours and Times,1273.00
896,Chinese Portrait,1158.00
897,Narcissister Organ Player,1018.00
898,The Untold Story,790.00
899,Senso,737.00
900,Swimming with Men,630.00
901,Sgt. Stubby: An American Hero,612.00
902,I Am Not A Witch,550.00
903,A Breath Away,371.00
904,In Safe Hands,348.00
905,Henchmen,297.00
906,1945,236.00
907,Tall Tales from the Magical Garden of Antoon Krings,220.00
,2018 Re-release,
908,Over the Limit,117.00
909,Postcards from London,99.00
