Rank,Reddit,Subscribers
1,/r/announcements,"69,931,919"
2,/r/funny,"33,343,883"
3,/r/AskReddit,"29,890,276"
4,/r/gaming,"28,071,046"
5,/r/aww,"26,740,044"
6,/r/pics,"25,928,484"
7,/r/Music,"25,589,141"
8,/r/science,"25,191,053"
9,/r/worldnews,"25,084,998"
10,/r/videos,"23,989,958"
11,/r/todayilearned,"23,891,258"
12,/r/movies,"23,834,946"
13,/r/news,"21,884,575"
14,/r/Showerthoughts,"21,012,241"
15,/r/EarthPorn,"20,533,457"
16,/r/IAmA,"20,474,057"
17,/r/gifs,"20,442,547"
18,/r/food,"19,917,166"
19,/r/askscience,"19,781,508"
20,/r/Jokes,"19,288,956"
21,/r/explainlikeimfive,"18,590,149"
22,/r/books,"18,528,431"
23,/r/LifeProTips,"18,501,595"
24,/r/Art,"18,485,030"
25,/r/mildlyinteresting,"18,107,998"
26,/r/DIY,"18,033,931"
27,/r/sports,"17,923,794"
28,/r/blog,"17,889,197"
29,/r/nottheonion,"17,844,568"
30,/r/space,"17,451,936"
31,/r/gadgets,"17,407,513"
32,/r/Documentaries,"16,835,338"
33,/r/GetMotivated,"16,609,177"
34,/r/photoshopbattles,"16,603,378"
35,/r/television,"16,575,798"
36,/r/tifu,"16,351,037"
37,/r/UpliftingNews,"16,297,118"
38,/r/listentothis,"16,282,441"
39,/r/InternetIsBeautiful,"15,287,184"
40,/r/history,"15,155,565"
41,/r/philosophy,"15,147,877"
42,/r/dataisbeautiful,"15,000,197"
43,/r/Futurology,"14,872,528"
44,/r/OldSchoolCool,"14,820,621"
45,/r/WritingPrompts,"14,811,753"
46,/r/nosleep,"14,345,677"
47,/r/personalfinance,"14,205,029"
48,/r/creepy,"13,771,135"
49,/r/TwoXChromosomes,"12,885,358"
50,/r/memes,"12,768,440"
51,/r/technology,"9,615,215"
52,/r/AdviceAnimals,"9,147,163"
53,/r/wholesomememes,"8,042,670"
54,/r/Fitness,"7,752,131"
55,/r/interestingasfuck,"6,676,644"
56,/r/politics,"6,621,928"
57,/r/WTF,"6,345,407"
58,/r/bestof,"5,309,728"
59,/r/travel,"5,180,334"
60,/r/BlackPeopleTwitter,"5,098,926"
61,/r/oddlysatisfying,"5,001,742"
62,/r/leagueoflegends,"4,629,734"
63,/r/facepalm,"4,575,926"
64,/r/me_irl,"4,482,261"
65,/r/lifehacks,"4,359,929"
66,/r/pcmasterrace,"4,292,634"
67,/r/NatureIsFuckingLit,"4,206,135"
68,/r/relationship_advice,"4,107,230"
69,/r/Whatcouldgowrong,"4,078,958"
70,/r/dankmemes,"4,059,757"
71,/r/Minecraft,"4,036,034"
72,/r/Tinder,"4,013,807"
73,/r/BikiniBottomTwitter,"3,686,060"
74,/r/trippinthroughtime,"3,680,141"
75,/r/PS4,"3,659,207"
76,/r/AnimalsBeingBros,"3,603,235"
77,/r/nba,"3,581,007"
78,/r/tattoos,"3,544,827"
79,/r/AnimalsBeingJerks,"3,451,416"
80,/r/photography,"3,424,066"
81,/r/woahdude,"3,414,997"
82,/r/reactiongifs,"3,340,099"
83,/r/FoodPorn,"3,326,304"
84,/r/Overwatch,"3,266,421"
85,/r/dadjokes,"3,238,045"
86,/r/Unexpected,"3,226,088"
87,/r/PewdiepieSubmissions,"3,218,075"
88,/r/gardening,"3,080,225"
89,/r/boardgames,"3,072,436"
90,/r/nextfuckinglevel,"3,041,441"
91,/r/relationships,"2,976,577"
92,/r/instant_regret,"2,975,582"
93,/r/gonewild,"2,927,704"
94,/r/buildapc,"2,920,966"
95,/r/WatchPeopleDieInside,"2,912,435"
96,/r/mildlyinfuriating,"2,902,223"
97,/r/programming,"2,898,880"
98,/r/pokemon,"2,859,878"
99,/r/ContagiousLaughter,"2,833,639"
100,/r/AnimalsBeingDerps,"2,831,984"
101,/r/PublicFreakout,"2,816,523"
102,/r/pokemongo,"2,801,835"
103,/r/Parenting,"2,775,679"
104,/r/Damnthatsinteresting,"2,717,878"
105,/r/humor,"2,645,486"
106,/r/iphone,"2,645,231"
107,/r/drawing,"2,630,438"
108,/r/itookapicture,"2,621,303"
109,/r/atheism,"2,616,247"
110,/r/Games,"2,606,799"
111,/r/malefashionadvice,"2,599,575"
112,/r/gameofthrones,"2,595,997"
113,/r/europe,"2,556,518"
114,/r/rarepuppers,"2,552,485"
115,/r/YouShouldKnow,"2,536,019"
116,/r/nonononoyes,"2,508,621"
117,/r/loseit,"2,477,680"
118,/r/BetterEveryLoop,"2,452,202"
119,/r/GifRecipes,"2,435,977"
120,/r/MadeMeSmile,"2,428,255"
121,/r/NintendoSwitch,"2,422,331"
122,/r/EatCheapAndHealthy,"2,379,377"
123,/r/xboxone,"2,376,471"
124,/r/ChildrenFallingOver,"2,360,562"
125,/r/woodworking,"2,345,764"
126,/r/AmItheAsshole,"2,332,023"
127,/r/soccer,"2,314,986"
128,/r/cats,"2,304,289"
129,/r/CrappyDesign,"2,301,296"
130,/r/slowcooking,"2,283,574"
131,/r/Coronavirus,"2,282,505"
132,/r/MakeupAddiction,"2,276,772"
133,/r/Wellthatsucks,"2,274,128"
134,/r/Android,"2,268,497"
135,/r/Outdoors,"2,265,452"
136,/r/pcgaming,"2,248,817"
137,/r/Eyebleach,"2,241,625"
138,/r/confession,"2,225,181"
139,/r/TrollYChromosome,"2,196,010"
140,/r/AskMen,"2,189,906"
141,/r/trashy,"2,189,334"
142,/r/HighQualityGifs,"2,184,152"
143,/r/teenagers,"2,176,184"
144,/r/offmychest,"2,169,156"
145,/r/Cooking,"2,166,491"
146,/r/NetflixBestOf,"2,155,730"
147,/r/IdiotsInCars,"2,133,748"
148,/r/streetwear,"2,123,555"
149,/r/HistoryPorn,"2,122,951"
150,/r/cursedcomments,"2,105,916"
151,/r/raspberry_pi,"2,102,280"
152,/r/DnD,"2,079,846"
153,/r/HumansBeingBros,"2,078,642"
154,/r/Awwducational,"2,074,903"
155,/r/keto,"2,069,363"
156,/r/recipes,"2,066,983"
157,/r/dating_advice,"2,063,153"
158,/r/nsfw,"2,056,984"
159,/r/backpacking,"2,052,659"
160,/r/cars,"2,042,065"
161,/r/RoastMe,"2,027,999"
162,/r/RealGirls,"2,020,812"
163,/r/MurderedByWords,"2,020,313"
164,/r/blackmagicfuckery,"2,019,131"
165,/r/rickandmorty,"2,015,484"
166,/r/horror,"2,012,884"
167,/r/Roadcam,"2,010,683"
168,/r/BeAmazed,"1,995,167"
169,/r/frugalmalefashion,"1,993,417"
170,/r/biology,"1,990,493"
171,/r/battlestations,"1,982,715"
172,/r/scifi,"1,975,438"
173,/r/socialskills,"1,973,424"
174,/r/nfl,"1,970,703"
175,/r/ChoosingBeggars,"1,970,302"
176,/r/insanepeoplefacebook,"1,963,989"
177,/r/mac,"1,946,315"
178,/r/entertainment,"1,938,452"
179,/r/NoStupidQuestions,"1,932,779"
180,/r/hiphopheads,"1,931,634"
181,/r/OutOfTheLoop,"1,926,565"
182,/r/MovieDetails,"1,914,555"
183,/r/reallifedoodles,"1,908,530"
184,/r/KidsAreFuckingStupid,"1,894,324"
185,/r/nintendo,"1,887,743"
186,/r/anime,"1,879,388"
187,/r/HistoryMemes,"1,872,684"
188,/r/coolguides,"1,867,750"
189,/r/electronicmusic,"1,858,965"
190,/r/wow,"1,843,245"
191,/r/howto,"1,833,995"
192,/r/WhitePeopleTwitter,"1,830,881"
193,/r/therewasanattempt,"1,825,141"
194,/r/apple,"1,802,898"
195,/r/NSFW_GIF,"1,795,509"
196,/r/dogs,"1,794,438"
197,/r/whatisthisthing,"1,791,920"
198,/r/DestinyTheGame,"1,791,176"
199,/r/youseeingthisshit,"1,789,288"
200,/r/AskWomen,"1,770,370"
201,/r/MealPrepSunday,"1,765,639"
202,/r/ArtisanVideos,"1,762,837"
203,/r/instantkarma,"1,743,202"
204,/r/learnprogramming,"1,742,938"
205,/r/bodyweightfitness,"1,741,517"
206,/r/blursedimages,"1,726,227"
207,/r/FiftyFifty,"1,715,658"
208,/r/youtubehaiku,"1,686,379"
209,/r/natureismetal,"1,685,162"
210,/r/zelda,"1,680,904"
211,/r/nevertellmetheodds,"1,679,678"
212,/r/sex,"1,678,555"
213,/r/JusticeServed,"1,673,063"
214,/r/Bitcoin,"1,669,371"
215,/r/DeepIntoYouTube,"1,652,875"
216,/r/yesyesyesyesno,"1,652,200"
217,/r/unpopularopinion,"1,648,598"
218,/r/Design,"1,648,294"
219,/r/camping,"1,640,308"
220,/r/hearthstone,"1,621,323"
221,/r/trees,"1,620,340"
222,/r/foodhacks,"1,619,823"
223,/r/podcasts,"1,610,591"
224,/r/madlads,"1,610,250"
225,/r/JUSTNOMIL,"1,602,392"
226,/r/shittyfoodporn,"1,597,437"
227,/r/StarWars,"1,593,404"
228,/r/likeus,"1,591,458"
229,/r/starterpacks,"1,590,671"
230,/r/hmmm,"1,581,651"
231,/r/Sneakers,"1,581,491"
232,/r/Astronomy,"1,568,536"
233,/r/PrequelMemes,"1,568,246"
234,/r/femalefashionadvice,"1,565,997"
235,/r/rareinsults,"1,530,124"
236,/r/DunderMifflin,"1,526,967"
237,/r/wallstreetbets,"1,523,676"
238,/r/indieheads,"1,515,382"
239,/r/hardware,"1,513,768"
240,/r/CozyPlaces,"1,506,889"
241,/r/assholedesign,"1,482,026"
242,/r/ArtefactPorn,"1,478,303"
243,/r/wallpaper,"1,476,943"
244,/r/quityourbullshit,"1,476,333"
245,/r/GamePhysics,"1,472,394"
246,/r/educationalgifs,"1,466,775"
247,/r/comics,"1,464,889"
248,/r/urbanexploration,"1,447,921"
249,/r/writing,"1,447,194"
250,/r/Physics,"1,445,610"
251,/r/tipofmytongue,"1,435,233"
252,/r/WeAreTheMusicMakers,"1,430,466"
253,/r/iamverysmart,"1,428,052"
254,/r/ThriftStoreHauls,"1,426,655"
255,/r/savedyouaclick,"1,425,057"
256,/r/comicbooks,"1,424,034"
257,/r/Graffiti,"1,417,387"
258,/r/cursedimages,"1,416,894"
259,/r/PerfectTiming,"1,414,551"
260,/r/thewalkingdead,"1,411,933"
261,/r/JapanTravel,"1,411,664"
262,/r/PUBATTLEGROUNDS,"1,410,416"
263,/r/literature,"1,409,565"
264,/r/HomeImprovement,"1,405,227"
265,/r/AnimalCrossing,"1,403,166"
266,/r/holdmycosmo,"1,390,768"
267,/r/conspiracy,"1,387,058"
268,/r/baseball,"1,381,568"
269,/r/nasa,"1,380,527"
270,/r/FortNiteBR,"1,379,836"
271,/r/progresspics,"1,374,394"
272,/r/MemeEconomy,"1,371,793"
273,/r/SketchDaily,"1,370,408"
274,/r/hacking,"1,368,969"
275,/r/homestead,"1,367,252"
276,/r/CasualConversation,"1,362,807"
277,/r/math,"1,358,001"
278,/r/CollegeBasketball,"1,357,214"
279,/r/Frugal,"1,356,150"
280,/r/legaladvice,"1,350,648"
281,/r/MachineLearning,"1,348,134"
282,/r/breakingbad,"1,343,746"
283,/r/entitledparents,"1,342,801"
284,/r/comedyheaven,"1,337,598"
285,/r/crafts,"1,328,767"
286,/r/MMA,"1,324,691"
287,/r/ProgrammerHumor,"1,320,628"
288,/r/LegalTeens,"1,319,410"
289,/r/ATBGE,"1,305,561"
290,/r/PeopleFuckingDying,"1,299,823"
291,/r/Cinemagraphs,"1,288,320"
292,/r/cumsluts,"1,286,984"
293,/r/BustyPetite,"1,273,629"
294,/r/Watches,"1,271,534"
295,/r/cringepics,"1,266,245"
296,/r/thatHappened,"1,262,898"
297,/r/AskHistorians,"1,257,670"
298,/r/spaceporn,"1,253,011"
299,/r/holdthemoan,"1,251,367"
300,/r/ksi,"1,249,172"
301,/r/niceguys,"1,247,608"
302,/r/Filmmakers,"1,239,492"
303,/r/MaliciousCompliance,"1,235,505"
304,/r/meme,"1,234,153"
305,/r/ShittyLifeProTips,"1,233,406"
306,/r/2meirl4meirl,"1,230,257"
307,/r/Metal,"1,229,028"
308,/r/Rainbow6,"1,225,637"
309,/r/solotravel,"1,219,895"
310,/r/SkincareAddiction,"1,219,181"
311,/r/CampingandHiking,"1,217,678"
312,/r/PetiteGoneWild,"1,216,877"
313,/r/childfree,"1,216,371"
314,/r/technicallythetruth,"1,215,007"
315,/r/hentai,"1,212,486"
316,/r/SpecArt,"1,211,937"
317,/r/bodybuilding,"1,211,564"
318,/r/manga,"1,211,300"
319,/r/chemistry,"1,210,196"
320,/r/CatastrophicFailure,"1,209,314"
321,/r/cringe,"1,206,492"
322,/r/worldpolitics,"1,205,707"
323,/r/confusing_perspective,"1,194,867"
324,/r/rpg,"1,192,031"
325,/r/GlobalOffensive,"1,191,728"
326,/r/audiophile,"1,188,445"
327,/r/formula1,"1,184,554"
328,/r/Health,"1,181,614"
329,/r/KerbalSpaceProgram,"1,180,625"
330,/r/holdmybeer,"1,176,887"
331,/r/EDM,"1,176,040"
332,/r/classicalmusic,"1,175,701"
333,/r/meirl,"1,172,992"
334,/r/marvelstudios,"1,172,082"
335,/r/investing,"1,171,506"
336,/r/southpark,"1,169,663"
337,/r/suggestmeabook,"1,169,659"
338,/r/google,"1,169,468"
339,/r/rule34,"1,167,990"
340,/r/4chan,"1,166,392"
341,/r/HolUp,"1,165,380"
342,/r/insaneparents,"1,163,007"
343,/r/javascript,"1,160,564"
344,/r/nutrition,"1,157,068"
345,/r/UnresolvedMysteries,"1,154,383"
346,/r/mashups,"1,153,909"
347,/r/changemyview,"1,151,021"
348,/r/WinStupidPrizes,"1,148,104"
349,/r/collegesluts,"1,145,643"
350,/r/techsupport,"1,144,785"
351,/r/AsiansGoneWild,"1,144,080"
352,/r/UnethicalLifeProTips,"1,142,569"
353,/r/hockey,"1,135,775"
354,/r/GirlsFinishingTheJob,"1,133,820"
355,/r/ShouldIbuythisgame,"1,133,488"
356,/r/hiking,"1,131,181"
357,/r/adorableporn,"1,130,413"
358,/r/freefolk,"1,124,227"
359,/r/iamatotalpieceofshit,"1,123,514"
360,/r/running,"1,120,566"
361,/r/somethingimade,"1,119,864"
362,/r/carporn,"1,118,329"
363,/r/porn,"1,116,799"
364,/r/MapPorn,"1,113,254"
365,/r/AbandonedPorn,"1,112,434"
366,/r/DoesAnybodyElse,"1,110,048"
367,/r/DiWHY,"1,108,374"
368,/r/TIHI,"1,106,241"
369,/r/astrophotography,"1,104,768"
370,/r/wheredidthesodago,"1,104,615"
371,/r/PoliticalHumor,"1,102,074"
372,/r/CryptoCurrency,"1,101,057"
373,/r/AsianBeauty,"1,099,793"
374,/r/roadtrip,"1,097,869"
375,/r/Fantasy,"1,096,887"
376,/r/apexlegends,"1,095,555"
377,/r/HealthyFood,"1,095,464"
378,/r/compsci,"1,087,404"
379,/r/toptalent,"1,084,910"
380,/r/RoomPorn,"1,077,128"
381,/r/self,"1,072,920"
382,/r/softwaregore,"1,071,174"
383,/r/ImGoingToHellForThis,"1,071,126"
384,/r/nsfw_gifs,"1,050,460"
385,/r/maybemaybemaybe,"1,046,058"
386,/r/ProRevenge,"1,043,651"
387,/r/greentext,"1,041,124"
388,/r/Justrolledintotheshop,"1,035,410"
389,/r/gifsthatkeepongiving,"1,029,625"
390,/r/subredditoftheday,"1,028,498"
391,/r/awfuleverything,"1,024,417"
392,/r/ExposurePorn,"1,023,128"
393,/r/analog,"1,022,921"
394,/r/TittyDrop,"1,018,183"
395,/r/mealtimevideos,"1,017,962"
396,/r/oldpeoplefacebook,"1,016,806"
397,/r/DeepFriedMemes,"1,015,843"
398,/r/DesignPorn,"1,014,549"
399,/r/iamverybadass,"1,012,892"
400,/r/motorcycles,"1,008,443"
401,/r/truegaming,"1,005,536"
402,/r/SweatyPalms,"1,005,450"
403,/r/powerwashingporn,"1,002,976"
404,/r/LivestreamFail,"1,002,368"
405,/r/specializedtools,"999,045"
406,/r/privacy,"997,131"
407,/r/Survival,"996,817"
408,/r/BiggerThanYouThought,"996,520"
409,/r/photocritique,"990,964"
410,/r/FuckYouKaren,"990,025"
411,/r/skyrim,"988,135"
412,/r/TooAfraidToAsk,"984,431"
413,/r/fightporn,"979,477"
414,/r/ANormalDayInRussia,"978,470"
415,/r/FreeEBOOKS,"977,452"
416,/r/CFB,"971,258"
417,/r/MachinePorn,"969,581"
418,/r/ADHD,"967,475"
419,/r/PoliticalDiscussion,"965,087"
420,/r/Cringetopia,"959,893"
421,/r/digitalnomad,"956,430"
422,/r/Shoestring,"956,422"
423,/r/wiiu,"951,265"
424,/r/Amateur,"949,863"
425,/r/Steam,"946,856"
426,/r/OopsDidntMeanTo,"945,551"
427,/r/pettyrevenge,"943,626"
428,/r/BoneAppleTea,"940,831"
429,/r/ass,"933,530"
430,/r/PornhubComments,"932,347"
431,/r/fakehistoryporn,"932,211"
432,/r/WhatsWrongWithYourDog,"928,945"
433,/r/StartledCats,"926,246"
434,/r/porninfifteenseconds,"924,000"
435,/r/westworld,"916,568"
436,/r/IWantOut,"916,464"
437,/r/snowboarding,"911,887"
438,/r/Poetry,"909,877"
439,/r/Homebrewing,"909,581"
440,/r/Bossfight,"907,427"
441,/r/Economics,"903,170"
442,/r/woooosh,"902,721"
443,/r/harrypotter,"902,293"
444,/r/vandwellers,"902,021"
445,/r/modernwarfare,"899,457"
446,/r/tumblr,"899,166"
447,/r/milf,"898,979"
448,/r/WhyWereTheyFilming,"898,676"
449,/r/ComedyCemetery,"895,346"
450,/r/Shitty_Car_Mods,"892,876"
451,/r/Zoomies,"890,143"
452,/r/AbruptChaos,"889,497"
453,/r/sadcringe,"889,139"
454,/r/Boxing,"886,795"
455,/r/skiing,"884,248"
456,/r/pawg,"883,521"
457,/r/blessedimages,"878,444"
458,/r/homeautomation,"876,268"
459,/r/fffffffuuuuuuuuuuuu,"873,809"
460,/r/Twitch,"870,677"
461,/r/Instagramreality,"870,338"
462,/r/MakeMeSuffer,"868,751"
463,/r/im14andthisisdeep,"867,536"
464,/r/Screenwriting,"866,680"
465,/r/oddlyterrifying,"864,701"
466,/r/reddit.com,"863,483"
467,/r/stocks,"861,523"
468,/r/perfectlycutscreams,"861,434"
469,/r/3DS,"857,953"
470,/r/Perfectfit,"855,453"
471,/r/nononono,"855,229"
472,/r/dankchristianmemes,"851,211"
473,/r/nostalgia,"850,460"
474,/r/TheLastAirbender,"848,049"
475,/r/OnOff,"845,917"
476,/r/LetsNotMeet,"842,429"
477,/r/HydroHomies,"840,521"
478,/r/familyguy,"836,677"
479,/r/smashbros,"832,413"
480,/r/holdmyfeedingtube,"832,408"
481,/r/crappyoffbrands,"831,017"
482,/r/UNBGBBIIVCHIDCTIICBG,"829,553"
483,/r/holdmyredbull,"828,683"
484,/r/NSFWFunny,"827,121"
485,/r/forbiddensnacks,"826,752"
486,/r/pussy,"822,546"
487,/r/LipsThatGrip,"819,712"
488,/r/Entrepreneur,"818,327"
489,/r/terriblefacebookmemes,"818,166"
490,/r/bicycling,"813,443"
491,/r/thisismylifenow,"811,439"
492,/r/vagabond,"812,304"
493,/r/Animemes,"811,062"
494,/r/BuyItForLife,"807,572"
495,/r/teslamotors,"805,585"
496,/r/shittyaskscience,"799,693"
497,/r/IdiotsFightingThings,"799,218"
498,/r/gtaonline,"796,856"
499,/r/TrollXChromosomes,"796,175"
500,/r/JizzedToThis,"795,696"
501,/r/suspiciouslyspecific,"794,821"
502,/r/Blowjobs,"794,362"
503,/r/financialindependence,"792,754"
504,/r/imsorryjon,"792,275"
505,/r/nsfwhardcore,"786,235"
506,/r/climbing,"782,411"
507,/r/okbuddyretard,"780,544"
508,/r/gatekeeping,"778,065"
509,/r/GameDeals,"774,501"
510,/r/RocketLeague,"773,826"
511,/r/beta,"769,568"
512,/r/surrealmemes,"769,420"
513,/r/confessions,"764,111"
514,/r/IDontWorkHereLady,"762,117"
515,/r/Marvel,"762,112"
516,/r/whitepeoplegifs,"760,362"
517,/r/FellowKids,"759,662"
518,/r/celebnsfw,"759,353"
519,/r/DotA2,"756,666"
520,/r/Fishing,"756,281"
521,/r/dank_meme,"751,860"
522,/r/The_Donald,"750,637"
523,/r/reddeadredemption,"749,144"
524,/r/AbsoluteUnits,"749,090"
525,/r/bonehurtingjuice,"748,740"
526,/r/Justfuckmyshitup,"743,878"
527,/r/freebies,"743,846"
528,/r/BreedingMaterial,"742,211"
529,/r/yesyesyesno,"741,387"
530,/r/canada,"736,800"
531,/r/AccidentalRenaissance,"734,404"
532,/r/thalassophobia,"734,399"
533,/r/justneckbeardthings,"733,992"
534,/r/blunderyears,"731,361"
535,/r/Fallout,"731,149"
536,/r/ShitPostCrusaders,"730,427"
537,/r/BrandNewSentence,"725,865"
538,/r/witcher,"724,970"
539,/r/DidntKnowIWantedThat,"722,962"
540,/r/copypasta,"722,848"
541,/r/ThatsInsane,"721,958"
542,/r/buildapcsales,"721,359"
543,/r/OSHA,"720,602"
544,/r/ihadastroke,"719,685"
545,/r/youngpeopleyoutube,"716,415"
546,/r/TrueOffMyChest,"716,375"
547,/r/psychology,"716,373"
548,/r/Drugs,"713,535"
549,/r/Paranormal,"712,578"
550,/r/AskOuija,"711,116"
551,/r/juicyasians,"710,642"
552,/r/MechanicalKeyboards,"710,355"
553,/r/ExpectationVsReality,"709,231"
554,/r/intermittentfasting,"708,038"
555,/r/Glitch_in_the_Matrix,"707,128"
556,/r/asoiaf,"705,124"
557,/r/lotrmemes,"703,128"
558,/r/environment,"701,854"
559,/r/NotMyJob,"701,620"
560,/r/MostBeautiful,"700,011"
561,/r/FanTheories,"699,961"
562,/r/Nicegirls,"699,927"
563,/r/dogswithjobs,"699,738"
564,/r/aviation,"699,605"
565,/r/ofcoursethatsathing,"694,996"
566,/r/NoFap,"694,502"
567,/r/ScottishPeopleTwitter,"694,384"
568,/r/anime_irl,"692,060"
569,/r/evilbuildings,"692,036"
570,/r/FloridaMan,"690,260"
571,/r/JusticePorn,"689,765"
572,/r/dontputyourdickinthat,"688,774"
573,/r/GWCouples,"685,814"
574,/r/depression,"683,623"
575,/r/IWantToLearn,"682,576"
576,/r/gonewild30plus,"681,613"
577,/r/FunnyandSad,"679,342"
578,/r/HappyEmbarrassedGirls,"676,290"
579,/r/thanosdidnothingwrong,"676,155"
580,/r/Python,"670,214"
581,/r/SubredditDrama,"669,418"
582,/r/CrazyIdeas,"664,927"
583,/r/creepyPMs,"664,695"
584,/r/Guitar,"664,655"
585,/r/mechanical_gifs,"662,324"
586,/r/futurama,"661,706"
587,/r/GodPussy,"661,524"
588,/r/antiMLM,"659,900"
589,/r/clevercomebacks,"659,232"
590,/r/StardewValley,"657,727"
591,/r/anal,"654,974"
592,/r/LearnUselessTalents,"654,567"
593,/r/holdmyjuicebox,"654,745"
594,/r/VALORANT,"653,920"
595,/r/theydidthemath,"653,001"
596,/r/discordapp,"651,615"
597,/r/AsianHotties,"648,650"
598,/r/dirtysmall,"648,529"
599,/r/getdisciplined,"647,786"
600,/r/SuddenlyGay,"647,405"
601,/r/goddesses,"646,757"
602,/r/talesfromtechsupport,"646,193"
603,/r/WatchItForThePlot,"644,006"
604,/r/trashyboners,"643,159"
605,/r/18_19,"640,930"
606,/r/boottoobig,"639,306"
607,/r/WeWantPlates,"639,390"
608,/r/suicidebywords,"638,889"
609,/r/Boobies,"637,254"
610,/r/holdmyfries,"635,757"
611,/r/raisedbynarcissists,"634,557"
612,/r/DadReflexes,"632,781"
613,/r/dndmemes,"630,937"
614,/r/lego,"628,601"
615,/r/curvy,"627,770"
616,/r/PraiseTheCameraMan,"626,121"
617,/r/outside,"625,782"
618,/r/EngineeringPorn,"624,814"
619,/r/Memes_Of_The_Dank,"624,747"
620,/r/Breath_of_the_Wild,"623,770"
621,/r/palegirls,"622,799"
622,/r/tippytaps,"622,198"
623,/r/bigasses,"620,557"
624,/r/CityPorn,"620,253"
625,/r/worldbuilding,"617,566"
626,/r/JoeRogan,"617,136"
627,/r/woof_irl,"614,605"
628,/r/fantasyfootball,"614,328"
629,/r/nflstreams,"614,193"
630,/r/lesbians,"613,836"
631,/r/CasualUK,"613,365"
632,/r/shittyrobots,"612,724"
633,/r/nsfwcosplay,"612,721"
634,/r/Amd,"611,264"
635,/r/combinedgifs,"605,988"
636,/r/Terraria,"605,452"
637,/r/malelivingspace,"605,075"
638,/r/kpop,"603,466"
639,/r/perfectloops,"602,211"
640,/r/TalesFromRetail,"601,971"
641,/r/IASIP,"601,104"
642,/r/PenmanshipPorn,"600,004"
643,/r/TikTokCringe,"599,376"
644,/r/AnimalTextGifs,"598,955"
645,/r/agedlikemilk,"598,918"
646,/r/workgonewild,"595,358"
647,/r/AMA,"594,640"
648,/r/lgbt,"593,383"
649,/r/ColorizedHistory,"593,304"
650,/r/wallpapers,"592,822"
651,/r/notliketheothergirls,"591,702"
652,/r/dontdeadopeninside,"590,761"
653,/r/spacex,"590,467"
654,/r/homemadexxx,"589,310"
655,/r/freeuse,"587,643"
656,/r/geek,"586,748"
657,/r/guns,"586,386"
658,/r/wholesomegifs,"586,295"
659,/r/cosplaygirls,"585,901"
660,/r/asstastic,"584,290"
661,/r/webdev,"584,145"
662,/r/StrangerThings,"583,557"
663,/r/sbubby,"583,296"
664,/r/brooklynninenine,"581,379"
665,/r/netflix,"580,429"
666,/r/disneyvacation,"578,458"
667,/r/Piracy,"576,529"
668,/r/gentlemanboners,"576,006"
669,/r/linux,"574,830"
670,/r/TooCuteForPorn,"574,634"
671,/r/girlsinyogapants,"574,290"
672,/r/business,"572,632"
673,/r/TheSilphRoad,"571,013"
674,/r/offbeat,"570,251"
675,/r/Autos,"570,025"
676,/r/LateStageCapitalism,"568,316"
677,/r/grool,"567,707"
678,/r/chemicalreactiongifs,"567,681"
679,/r/polandball,"563,908"
680,/r/redditgetsdrawn,"562,586"
681,/r/thick,"562,502"
682,/r/jailbreak,"562,476"
683,/r/Meditation,"562,408"
684,/r/Hotwife,"561,982"
685,/r/HENTAI_GIF,"560,894"
686,/r/nbastreams,"559,373"
687,/r/StoppedWorking,"558,330"
688,/r/BokuNoHeroAcademia,"557,049"
689,/r/NASCAR,"556,987"
690,/r/TinyTits,"555,570"
691,/r/ihavesex,"554,609"
692,/r/australia,"551,559"
693,/r/DecidingToBeBetter,"551,324"
694,/r/tennis,"551,090"
695,/r/CatsStandingUp,"550,087"
696,/r/halo,"549,848"
697,/r/seduction,"547,785"
698,/r/blackpeoplegifs,"547,246"
699,/r/3Dprinting,"546,341"
700,/r/PandR,"544,036"
701,/r/Patriots,"543,379"
702,/r/Nude_Selfie,"543,207"
703,/r/gonewildcurvy,"542,356"
704,/r/Stacked,"541,546"
705,/r/indianpeoplefacebook,"541,417"
706,/r/calvinandhobbes,"540,812"
707,/r/INEEEEDIT,"539,576"
708,/r/OnePiece,"539,459"
709,/r/AmateurRoomPorn,"538,404"
710,/r/NoahGetTheBoat,"537,389"
711,/r/comedyhomicide,"536,909"
712,/r/PS5,"536,546"
713,/r/destiny2,"535,444"
714,/r/Celebs,"535,367"
715,/r/StraightGirlsPlaying,"535,135"
716,/r/StockMarket,"534,550"
717,/r/QuotesPorn,"532,768"
718,/r/marvelmemes,"530,563"
719,/r/boobs,"529,743"
720,/r/BigBoobsGW,"529,465"
721,/r/wifesharing,"529,358"
722,/r/watchpeoplesurvive,"528,016"
723,/r/Simulated,"526,670"
724,/r/shortscarystories,"523,104"
725,/r/HumansAreMetal,"522,867"
726,/r/pussypassdenied,"521,935"
727,/r/ketorecipes,"521,868"
728,/r/firstworldanarchists,"521,740"
729,/r/shittymoviedetails,"521,124"
730,/r/2007scape,"520,202"
731,/r/tooktoomuch,"518,135"
732,/r/Prematurecelebration,"516,923"
733,/r/NSFW411,"515,953"
734,/r/SquaredCircle,"515,511"
735,/r/Cyberpunk,"514,418"
736,/r/vegan,"513,330"
737,/r/NSFW_Snapchat,"512,663"
738,/r/engrish,"511,377"
739,/r/sysadmin,"511,011"
740,/r/beermoney,"507,227"
741,/r/delusionalartists,"506,931"
742,/r/TwoSentenceHorror,"506,870"
743,/r/Gonewild18,"506,014"
744,/r/gwcumsluts,"504,786"
745,/r/4PanelCringe,"503,925"
746,/r/HadToHurt,"501,970"
747,/r/productivity,"501,955"
748,/r/IsItBullshit,"501,779"
749,/r/bestoflegaladvice,"500,865"
750,/r/IllegalLifeProTips,"500,849"
751,/r/britishproblems,"500,765"
752,/r/nvidia,"500,506"
753,/r/SexInFrontOfOthers,"500,325"
754,/r/amateurcumsluts,"499,761"
755,/r/FestivalSluts,"497,707"
756,/r/GirlswithGlasses,"496,620"
757,/r/MorbidReality,"496,553"
758,/r/SandersForPresident,"495,792"
759,/r/ConvenientCop,"495,142"
760,/r/MyPeopleNeedMe,"495,145"
761,/r/startups,"494,864"
762,/r/SheLikesItRough,"494,343"
763,/r/KenM,"492,512"
764,/r/fitgirls,"492,584"
765,/r/web_design,"492,372"
766,/r/xsmallgirls,"491,081"
767,/r/gamedev,"490,635"
768,/r/absolutelynotme_irl,"490,489"
769,/r/AteTheOnion,"490,585"
770,/r/Nudes,"490,101"
771,/r/misleadingthumbnails,"489,255"
772,/r/Pareidolia,"489,061"
773,/r/babyelephantgifs,"488,330"
774,/r/TheDepthsBelow,"487,461"
775,/r/LSD,"486,609"
776,/r/TumblrInAction,"486,429"
777,/r/vinyl,"486,398"
778,/r/ethereum,"485,453"
779,/r/TrueReddit,"485,155"
780,/r/bodyperfection,"485,017"
781,/r/minimalism,"484,560"
782,/r/60fpsporn,"484,174"
783,/r/2healthbars,"483,715"
784,/r/FORTnITE,"482,799"
785,/r/pornvids,"482,027"
786,/r/GoCommitDie,"482,006"
787,/r/gonewildstories,"481,556"
788,/r/quiver,"479,747"
789,/r/MechanicAdvice,"477,315"
790,/r/squirting,"477,139"
791,/r/gettingherselfoff,"476,609"
792,/r/deepthroat,"475,388"
793,/r/Baking,"475,262"
794,/r/ThatLookedExpensive,"475,110"
795,/r/rearpussy,"473,765"
796,/r/antimeme,"473,148"
797,/r/graphic_design,"472,830"
798,/r/gonewildaudio,"472,520"
799,/r/ABoringDystopia,"472,241"
800,/r/summonerschool,"471,666"
801,/r/Conservative,"470,164"
802,/r/Advice,"469,630"
803,/r/shutupandtakemymoney,"469,551"
804,/r/Naruto,"469,505"
805,/r/youtube,"469,422"
806,/r/oddlyspecific,"467,529"
807,/r/howtonotgiveafuck,"466,351"
808,/r/Warframe,"465,290"
809,/r/lostredditors,"465,191"
810,/r/ginger,"464,490"
811,/r/JerkOffToCelebs,"464,464"
812,/r/hitmanimals,"463,856"
813,/r/Bad_Cop_No_Donut,"463,772"
814,/r/HongKong,"463,191"
815,/r/creampies,"462,642"
816,/r/paag,"461,972"
817,/r/ActLikeYouBelong,"461,628"
818,/r/SCP,"461,676"
819,/r/Upskirt,"461,609"
820,/r/tf2,"461,127"
821,/r/findareddit,"459,937"
822,/r/TheMonkeysPaw,"458,906"
823,/r/techsupportgore,"458,877"
824,/r/Celebhub,"458,730"
825,/r/gamernews,"458,683"
826,/r/curlyhair,"458,526"
827,/r/houseplants,"458,346"
828,/r/notinteresting,"457,841"
829,/r/h3h3productions,"457,429"
830,/r/CombatFootage,"454,893"
831,/r/redheads,"454,642"
832,/r/InternetStars,"454,509"
833,/r/lotr,"453,543"
834,/r/altgonewild,"453,256"
835,/r/standupshots,"452,541"
836,/r/EmpireDidNothingWrong,"451,861"
837,/r/AccidentalRacism,"450,652"
838,/r/tipofmypenis,"449,867"
839,/r/ClashRoyale,"449,162"
840,/r/latinas,"447,840"
841,/r/ActualPublicFreakouts,"447,661"
842,/r/cumfetish,"446,532"
843,/r/corgi,"446,216"
844,/r/brasil,"445,772"
845,/r/AmongUs,"466,146"
846,/r/NSFWverifiedamateurs,"444,420"
847,/r/donthelpjustfilm,"444,417"
848,/r/WouldYouFuckMyWife,"444,271"
849,/r/classicwow,"443,380"
850,/r/Brawlstars,"443,235"
851,/r/CuteLittleButts,"443,167"
852,/r/rimjob_steve,"442,543"
853,/r/everymanshouldknow,"440,559"
854,/r/chubby,"439,501"
855,/r/Hotchickswithtattoos,"439,239"
856,/r/boobbounce,"437,893"
857,/r/Instantregret,"437,591"
858,/r/tiktoknsfw,"437,142"
859,/r/darkjokes,"437,057"
860,/r/whenitgoesin,"436,898"
861,/r/TheWayWeWere,"436,338"
862,/r/FIFA,"436,136"
863,/r/2busty2hide,"434,384"
864,/r/theocho,"434,315"
865,/r/HugeDickTinyChick,"433,944"
866,/r/cscareerquestions,"432,523"
867,/r/weed,"432,242"
868,/r/bigtiddygothgf,"432,175"
869,/r/learnpython,"431,811"
870,/r/pewdiepie,"431,784"
871,/r/ArchitecturePorn,"431,431"
872,/r/hugeboobs,"431,155"
873,/r/asshole,"430,202"
874,/r/theratio,"429,725"
875,/r/MonsterHunterWorld,"429,406"
876,/r/Cuckold,"428,726"
877,/r/creepypasta,"427,586"
878,/r/AutoDetailing,"427,538"
879,/r/porn_gifs,"427,361"
880,/r/ThingsCutInHalfPorn,"426,705"
881,/r/Libertarian,"426,610"
882,/r/CollegeAmateurs,"426,505"
883,/r/creepyasterisks,"425,786"
884,/r/nocontextpics,"425,663"
885,/r/RetroFuturism,"425,394"
886,/r/Kanye,"425,053"
887,/r/dashcamgifs,"423,931"
888,/r/badwomensanatomy,"423,338"
889,/r/gonewildcouples,"422,830"
890,/r/SubredditSimulator,"421,936"
891,/r/burstingout,"421,021"
892,/r/facedownassup,"421,000"
893,/r/magicTCG,"420,741"
894,/r/DarkHumorAndMemes,"420,605"
895,/r/beetlejuicing,"420,494"
896,/r/jacksepticeye,"419,884"
897,/r/puns,"419,794"
898,/r/olympics,"419,176"
899,/r/NoMansSkyTheGame,"417,475"
900,/r/circlejerk,"417,015"
901,/r/apolloapp,"416,921"
902,/r/doctorwho,"416,721"
903,/r/selfimprovement,"416,701"
904,/r/community,"416,670"
905,/r/france,"415,778"
906,/r/jesuschristreddit,"415,523"
907,/r/happy,"413,335"
908,/r/beer,"412,633"
909,/r/EscapefromTarkov,"412,318"
910,/r/ffxiv,"412,255"
911,/r/Coffee,"411,614"
912,/r/dirtyr4r,"411,254"
913,/r/finance,"410,923"
914,/r/dontyouknowwhoiam,"409,265"
915,/r/shittysuperpowers,"406,944"
916,/r/Chonkers,"406,241"
917,/r/MonsterHunter,"404,897"
918,/r/india,"404,845"
919,/r/AskRedditAfterDark,"403,807"
920,/r/rage,"403,052"
921,/r/FUCKYOUINPARTICULAR,"402,785"
922,/r/wikipedia,"401,985"
923,/r/JiggleFuck,"401,654"
924,/r/IRLEasterEggs,"400,935"
925,/r/KamikazeByWords,"400,227"
926,/r/headphones,"399,685"
927,/r/WatchandLearn,"398,584"
928,/r/xxfitness,"397,211"
929,/r/tightdresses,"396,886"
930,/r/TrumpCriticizesTrump,"396,533"
931,/r/Anxiety,"396,409"
932,/r/civ,"395,965"
933,/r/Minecraftbuilds,"395,903"
934,/r/bdsm,"395,649"
935,/r/Gamingcirclejerk,"395,597"
936,/r/onejob,"394,894"
937,/r/13or30,"394,707"
938,/r/Moviesinthemaking,"394,174"
939,/r/SequelMemes,"392,912"
940,/r/vexillology,"392,604"
941,/r/dndnext,"391,518"
942,/r/wholesomeanimemes,"391,412"
943,/r/csgo,"391,135"
944,/r/traps,"390,294"
945,/r/PublicFlashing,"390,260"
946,/r/totallynotrobots,"389,301"
947,/r/LosAngelesRams,"388,406"
948,/r/CallOfDuty,"387,906"
949,/r/netsec,"386,079"
950,/r/menwritingwomen,"385,512"
951,/r/UrbanHell,"385,448"
952,/r/wholesomebpt,"385,363"
953,/r/playstation,"384,796"
954,/r/BoJackHorseman,"383,909"
955,/r/FashionReps,"383,743"
956,/r/Botchedsurgeries,"383,303"
957,/r/1200isplenty,"383,263"
958,/r/peopleofwalmart,"381,794"
959,/r/VerticalGifs,"381,691"
960,/r/CamSluts,"381,187"
961,/r/AnalGW,"380,523"
962,/r/needadvice,"380,237"
963,/r/pathofexile,"380,000"
964,/r/ItemShop,"379,117"
965,/r/rupaulsdragrace,"379,017"
966,/r/jobs,"377,826"
967,/r/dating,"377,729"
968,/r/cyberpunkgame,"377,680"
969,/r/Philippines,"376,993"
970,/r/edmproduction,"376,280"
971,/r/CODWarzone,"376,083"
972,/r/fuckdoll,"376,050"
973,/r/outrun,"375,697"
974,/r/canthold,"375,326"
975,/r/gwpublic,"374,600"
976,/r/Exxxtras,"374,469"
977,/r/NotHowGirlsWork,"374,395"
978,/r/povertyfinance,"374,246"
979,/r/shittyreactiongifs,"373,797"
980,/r/LeopardsAteMyFace,"373,611"
981,/r/raining,"372,989"
982,/r/AskCulinary,"373,007"
983,/r/patientgamers,"372,705"
984,/r/serialkillers,"372,139"
985,/r/Breadit,"371,657"
986,/r/youdontsurf,"371,446"
987,/r/TalesFromYourServer,"371,325"
988,/r/PropagandaPosters,"371,325"
989,/r/MilitaryPorn,"371,010"
990,/r/SmashBrosUltimate,"370,924"
991,/r/TrueCrime,"370,832"
992,/r/O_Faces,"370,723"
993,/r/RandomActsOfBlowJob,"370,615"
994,/r/CrackheadCraigslist,"367,912"
995,/r/ArtPorn,"367,910"
996,/r/iamveryrandom,"366,608"
997,/r/Ebony,"366,582"
998,/r/nhaa,"366,580"
999,/r/Badfaketexts,"366,015"
"1,000",/r/VaporwaveAesthetics,"364,761"
